89; 297
117; 298
136; 302
161; 307
180; 313
198; 325
215; 328
234; 335
249; 342
265; 341
277; 341
289; 340
300; 336
310; 334
318; 335
327; 331
336; 327
343; 323
350; 323
358; 318
364; 316
369; 317
373; 315
376; 312
384; 311
390; 309
397; 309
404; 307
410; 308
416; 308
421; 309
426; 309
431; 308
436; 308
440; 310
444; 310
448; 313
453; 315
459; 318
465; 323
471; 329
476; 337
481; 343
483; 355
485; 365
477; 368
464; 377
447; 382
427; 389
405; 397
387; 396
364; 396
342; 397
326; 396
311; 399
299; 392
287; 384
274; 386
272; 394
