99; 220
96; 254
102; 294
111; 334
122; 367
131; 397
139; 423
147; 454
158; 465
160; 471
159; 469
161; 467
162; 467
163; 457
164; 448
165; 435
168; 414
171; 397
177; 368
183; 344
191; 315
199; 293
205; 286
212; 269
214; 270
214; 268
213; 272
212; 274
211; 278
210; 288
213; 303
219; 326
225; 339
232; 354
241; 366
247; 374
253; 384
257; 392
263; 403
266; 411
268; 419
267; 417
267; 413
267; 405
267; 401
269; 389
269; 380
272; 369
275; 356
280; 339
285; 317
292; 297
300; 271
306; 259
310; 240
313; 231
316; 215
318; 209
319; 207
321; 200
321; 201
322; 195
310; 206
